id;comment;comment_date
1;payment Awesome Concrete Keyboard Health;2020-05-28T02:03:18
2;magenta circuit Unbranded;2020-05-28T09:25:53
3;THX Gorgeous reintermediate;2020-05-27T15:34:13
4;Sharable Operations Borders;2020-05-28T07:00:04
5;South Carolina web-enabled Cape Verde Escudo;2020-05-28T06:19:16
6;Manager Colombia virtual;2020-05-27T16:36:50
7;calculating Plains Plastic;2020-05-27T16:47:58
8;indexing application Knoll;2020-05-28T03:52:24
9;killer lime Horizontal;2020-05-28T02:19:02
10;Small Plastic Fish;2020-05-27T13:40:11
