id;first_name;last_name;email;phone;address_line_1;address_line_2;city;country
1;Lexie;Senger;"$g@-,7.{lrtY";189-253-8862 x4868;teal;Investment Account Optimization National;North Gregburgh;Montenegro
2;Paige;Murray;"~n>r9@*Xg>&.5e81/N";1-163-938-6018 x260;redundant magnetic Plastic;Future-proofed synthesizing Maryland;South Stewartview;Sao Tome and Principe
3;Burnice;Mosciski;"ciQ@CBuZD.(VmCe]";(525) 043-4151 x45744;evolve ivory Computer;Cotton;Heidenreichhaven;Holy See (Vatican City State)
4;Joy;Kovacek;"fL,@X.iW[)";(803) 375-4941 x260;multi-tasking Michigan Visionary;data-warehouse;South Matteoshire;Switzerland
5;Sven;Wintheiser;"1WS~@Xhn1Z.tZxY~>";(677) 393-5027;TCP Auto Loan Account;connecting Awesome Cotton Car;Pfannerstillshire;Georgia
6;Sage;Swaniawski;"AL|@*3%t%..VltL\";072-779-3986 x3118;Gorgeous Granite Fish empower mobile;indexing;Karlfort;Turks and Caicos Islands
7;Natalie;Schmidt;"J4S`@AUq.+EBnzl";474-713-2433 x4605;Tactics;bandwidth-monitored;Beierside;Lao People's Democratic Republic
8;Jennyfer;Roberts;"%6@}V+.g0";918.704.4020 x107;feed;Division Track olive;Brakusbury;Kazakhstan
9;Malinda;Stroman;"!k`Brr@H.Pbb";1-991-732-6807 x35501;ivory card;Missouri protocol Shirt;Lake Raleigh;Argentina
10;Carolanne;Powlowski;"hh]l@<(c.,l{z";868-982-6726 x2783;Cliff Garden;Incredible Rubber Chicken Regional Bhutan;Konopelskiland;British Indian Ocean Territory (Chagos Archipelago)
